book_id,book_title,genre_1,genre_2,pages,author_name,author_average_rating
17619220,Pleasing Her Racy Doms,Erotica,Erotica,137,Tara  Rose,4.38
33586415,Born Wild,Romance,Romance,376,Julie Ann Walker,4.1
29911163,Dark and Stormy Knight,Romance,Romance,256,Nina Mason,4.07
28138673,Whispers,Romance,Fairies,412,Sophie H. Morgan,3.75
29339801,Demon Hunting With a Dixie Deb,Romance,Fantasy,354,Lexi George,3.8
23550747,Copper Veins,Romance,Fantasy,264,Jennifer Allis Provost,3.76
21816725,Pillars of Fire,Fantasy,Christian,368,Laurice Elehwany Molinari,4.26
16652754,Black Jade,Fantasy,Fantasy,544,Kylie Chan,4.09
31821224,AMYM: The Mamluk Who Defied Death,Fantasy,Historical,153,K.D. McQuain,4.0
27886325,Assassin's Kiss,Fantasy,Romance,302,Sharon Kay,4.16
28451478,Predator's Rescue,Romance,See-top-shelves,159,Rosanna Leo,3.96
28445324,Lion (Chasing Rescued Love),Unfinished,See-top-shelves,110,D.S. Sage,3.14
25430503,Shadow Touched,Fantasy,See-top-shelves,336,Erin Kellison,3.91
28496524,Boundary Born,Fantasy,Fantasy,290,Melissa F. Olson,4.06
27304321,Misery Happens,Fantasy,Paranormal,354,Tracey   Martin,3.76
26816011,Wolf on the Hunt,Fantasy,Paranormal,264,N.J. Walters,3.91
25391368,The Good the Bad and the Vampire,Fantasy,Romance,320,Sara  Humphreys,4.0
25821750,I Dream of Dragons,Romance,Romance,352,Ashlyn Chase,3.55
18244432,Camp Alien,Science-Fiction,Fantasy,598,Gini Koch,4.05
25716620,The Reburialists,Fantasy,Horror,416,J.C. Nelson,3.74
26109041,The Voodoo Killings,Fantasy,Fantasy,352,Kristi Charish,3.77
28869682,Chaos Rises,Fantasy,Fantasy,288,Pippa DaCosta,4.0
26138446,Her Fierce Warrior,Fantasy,Romance,320,Paige Tyler,3.99
26028986,Wickedly Ever After,Fantasy,Fantasy,66,Deborah Blake,3.95
18072615,Darkness Raging,Fantasy,Fantasy,276,Yasmine Galenorn,4.04
25387188,Of Flame and Promise,Fantasy,Fantasy,180,Cecy Robson,4.03
29559450,Blood Instinct,Romance,Fantasy,356,Lindsay J. Pryor,4.05
24872027,Shadowed Blade,Fantasy,Fantasy,292,J.C. Daniels,3.99
28240174,Through the Veil,Fantasy,Fantasy,447,Colleen Halverson,3.87
19045228,Here to Stay,Romance,Romance,244,Kristine Raymond,4.08
18251073,Matter of Resistance,Science-Fiction,See-top-shelves,318,Raymond Vogel,4.04
18295655,Unexpected Chance,Romance,New-Adult,218,Joanne Schwehm,4.01
36003629,Kitchen Promises,Romance,Romance,245,Brooke Cumberland,3.94
1943376,Elyza,Historical,Romance,247,Clare Darcy,3.71
22909644,Saving Grace,Romance,Historical,380,Michele Paige Holmes,3.99
16065168,Miss Delacourt Has Her Day,Historical,Romance,192,Heidi Ashworth,3.71
21479322,Shift Happens,Fantasy,Paranormal,315,J.C. McKenzie,4.1
222773,An Accomplished Woman,Historical,Romance,416,Jude Morgan,3.77
17800679,Broken Aro,Fantasy,Young-Adult,265,Jen Wylie,4.17
16059057,No Such Thing as Immortality,Romance,Paranormal,320,Sarah Tranter,3.77
15720675,Cold Wars,Young-Adult,See-top-shelves,221,Michael Panush,4.08
18908199,Artemisia: a Regency novel in the tradition of Jane Austen,Historical,Historical-Romance,300,D.G. Rampton,3.96
22571333,Brentwood's Ward,Historical,Christian-Fiction,314,Michelle Griep,4.03
23019243,Origins,Fantasy,Paranormal,247,Sean Hayden,4.13
18271653,His Saving Grace,Romance,Romance,113,Heather   Gray,4.11
32056290,The Sons of Thestian,Fantasy,Young-Adult,550,M.E. Vaughan,4.26
19006252,Prelude for a Lord,Historical,Romance,352,Camille Elliot,4.01
35515088,Cost of Repairs,Romance,Contemporary,342,A.M. Arthur,3.97
23110843,Of Gods and Monsters: Menoetius,Erotica,Romance,214,Wulf Franc Godgluck,4.05
16280494,In His Command,Romance,War,332,Rie Warren,4.11
7187557,Rules of Engagement,Romance,Contemporary,296,L.A. Witt,3.81
17985733,Sin at Sea,Romance,Adult-Fiction,114,Emma Nichols,3.99
99461,Split Infinity,Fantasy,Science-Fiction,368,Piers Anthony,3.83
28561501,Strong Signal,Romance,Romance,229,Megan Erickson,3.94
380326,Postmodern Times: A Christian Guide to Contemporary Thought and Culture,Philosophy,Cultural,256,Gene Edward Veith Jr.,4.14
13037321,Dream Chaser,Young-Adult,Romance,323,Angie Stanton,3.74
17202502,Found,Fantasy,Romance,234,Alyssa Rose Ivy,3.98
17622850,Mutilate My Heart,Young-Adult,Romance,203,Emily Godwin,3.87
5822279,Photo Opportunity,Romance,Adult-Fiction,244,Jess Dee,3.65
39986793,American Girl on Saturn,Young-Adult,Romance,341,Nikki Godwin,3.99
17566866,Found,New-Adult,Romance,228,Nadia Simonenko,3.84
2651714,Betting Hearts,Romance,Romance,220,Dee Tenorio,3.57
17369254,Resplendent,New-Adult,Romance,396,M.J. Abraham,3.65
17838885,Anywhere with You,New-Adult,Romance,217,Kaylee Ryan,4.13
42403315,Awaken,Romance,Romance,426,Nina Lane,4.14
17832415,Kade,New-Adult,Romance,256,Dawn Martens,3.98
34938088,Firsts,Romance,Adult-Fiction,74,Rosalie Stanton,3.63
18068511,Three Hearts One Soul,Romance,New-Adult,167,Bec Botefuhr,4.03
18081620,Reaper's Rhythm,Fantasy,Young-Adult,212,Clare Davidson,4.15
10418725,Insatiable,Romance,Adult-Fiction,254,Cari Quinn,3.97
18074803,Twist & Turn,Romance,See-top-shelves,304,Christa Simpson,3.93
6372526,Hot in Here,Romance,Romance,277,Sophie Renwick,3.78
26151032,Shelter,Romance,Contemporary,320,Ashley John,3.91
24449015,A Restored Man,Romance,Contemporary,363,Jaime Reese,4.23
19264127,Broken Mirrors Fractured Minds,Fiction,Horror,254,Carmilla Voiez,4.24
25932542,Blueberry Boys,Romance,Romance,186,Vanessa North,3.7
25782457,To the Highest Bidder,Science-Fiction,Romance,200,Caitlin Ricci,3.41
17909170,I Married a Billionaire: The Prodigal Son,Romance,Romance,203,Melanie Marchande,3.64
12032937,Turn It Up,Romance,Romance,230,Inez Kelley,3.86
22738703,Campus Cravings: Higher Learning MM Boxed Set,Anthologies,Romance,288,KyAnn Waters,3.62
36560993,Orion's Circle,Romance,Fantasy,156,Victoria Sue,3.98
24779481,Silent Woods,Romance,Lgbt,60,Ofelia Grnd,3.88
36172258,Where Wishes Go,Romance,Contemporary,246,S.A. McAuley,4.0
26007671,Full Exposure,Romance,Contemporary,78,Amy Jo Cousins,3.78
18046019,Falling to Pieces,Paranormal,Romance,220,L.T. Kelly,3.98
21971980,Bender,Romance,New-Adult,315,Stacy Borel,4.03
25250468,Own Me,Romance,Erotica,344,Brina Brady,3.88
8089192,Connections,Adult-Fiction,Romance,52,Selena Kitt,3.56
25714229,Summer Bigger Than Others,Anthologies,Romance,562,K.C. Faelan,3.84
17936834,The Guys Are Props Club,New-Adult,Romance,256,Ingrid Seymour,4.04
25377645,Fair in Love,Romance,Music,230,Jerry Sacher,2.61
29601065,Letting Go,New-Adult,Romance,284,Jessica Ruddick,3.9
17612258,Undeclared,New-Adult,Romance,341,Jen Frederick,4.0
25751572,Playing for Keeps,Romance,Sports-and-Games,326,Avery Cockburn,4.01
25434231,Spell Bound,Romance,Fantasy,216,Jacob Z. Flores,3.83
27841589,Pitching to Win,Sports-and-Games,New-Adult,206,Carrie Aarons,3.89
17840262,Tension,New-Adult,Dark,280,R.L. Griffin,4.19
25585231,The Pinch of the Game,Romance,Fantasy,98,Charley Descoteaux,3.42
16207945,Faithful,Romance,New-Adult,421,Kelly Elliott,4.27
24696484,Shaken Up,Erotica,Romance,74,Nicole Forcine,3.62
24718312,Here Without You,Romance,Menage,216,Mia Kerick,3.86
27254019,Shh!,New-Adult,Romance,241,Stacey Nash,3.62
33968767,Eyes Unveiled,Romance,New-Adult,259,Crystal Walton,4.25
25359012,Chariots on the Highway,Romance,War,315,Limor Moyal,4.16
6922487,Three Wrong Turns in the Desert,Romance,Contemporary,334,Neil S. Plakcy,3.86
25897236,Victim of Love,Romance,Contemporary,211,Darien Cox,3.86
12987401,Bad Religion: How We Became a Nation of Heretics,Religion,Nonfiction,337,Ross Douthat,3.9
1640400,Walking Wounded,Romance,War,200,Lee Rowan,3.7
117967,Overcoming Sin & Temptation,Religion,Christian,462,John Owen,4.4
398834,Introduction to the Devout Life,Christianity,Religion,288,Francis de Sales,4.4
4203091,Condor One,Romance,Romance,212,John Simpson,3.45
25495588,The Music Never Dies,Romance,Erotica,296,Rain Carrington,4.19
170169,How (Not) to Speak of God: Marks of the Emerging Church,Religion,Religion,144,Peter Rollins,4.1
173454,The Divine Conspiracy: Rediscovering Our Hidden Life in God,Christian,Religion,448,Dallas Willard,4.22
994697,The Victory of Reason: How Christianity Led to Freedom Capitalism and Western Success,History,Religion,304,Rodney Stark,4.03
17131869,Saga Vol. 2,Sequential-Art,Sequential-Art,160,Brian K. Vaughan,4.24
25780234,A New Dream,Romance,Contemporary,160,Alex C. Clarke,3.54
38617807,Claimings Tails and Other Alien Artifacts,Romance,Science-Fiction,104,Lyn Gala,3.97
53829,Disappointment with God: Three Questions No One Asks Aloud,Christian,Nonfiction,304,Philip Yancey,4.18
6063140,For the Love of the Corps,Romance,War,146,Bobby Michaels,3.52
42146,Bones of the Moon,Fantasy,Fiction,224,Jonathan Carroll,3.79
23121894,You and Everything After,New-Adult,Romance,274,Ginger Scott,4.1
22668635,The Mystery of the Shemitah: The 3000-Year-Old Mystery That Holds the Secret of America's Future the World's Future and Your Future!,Christian,Religion,288,Jonathan Cahn,3.99
6671653,City of Ships,Fantasy,Young-Adult,368,Mary Hoffman,4.03
25438044,Michael's Awakening,Romance,Sociology,190,Jaclyn Osborn,4.12
20630331,Finding Dandelion,New-Adult,Romance,310,Lex Martin,4.14
25112957,Everything Changes,Romance,War,200,Melanie  Hansen,4.11
23634613,Maps,Romance,Young-Adult,70,Nash Summers,4.12
31115139,The Ancient One,Fantasy,Young-Adult,320,T.A. Barron,4.05
3311553,Spectacular Sins: And Their Global Purpose in the Glory of Christ,Religion,Christian,121,John Piper,4.19
69094,Simply Christian: Why Christianity Makes Sense,Religion,Christian,237,N.T. Wright,4.19
176277,The Time of the Dark,Fantasy,Fiction,263,Barbara Hambly,3.94
34382818,The Heartbeat Hypothesis,New-Adult,Romance,323,Lindsey Frydman,3.87
148109,Escape from Reason: A Penetrating Analysis of Trends in Modern Thought,Philosophy,Religion,123,Francis A. Schaeffer,4.18
19543263,Push the Envelope,New-Adult,Academic,180,Rochelle Paige,3.96
8806257,The Passionate Intellect: Christian Faith and the Discipleship of the Mind,Religion,Philosophy,210,Alister E. McGrath,3.88
34669065,Embrace the Fire,Romance,Romance,262,Felice Stevens,4.04
20829260,Choose Love: The Three Simple Choices That Will Alter the Course of Your Life,Nonfiction,Christian,272,Stormie Omartian,4.35
23587053,The Gentleman and the Lamplighter,Historical,Romance,60,Summer Devon,3.7
16143323,Suddenly Royal,Romance,New-Adult,464,Nichole Chase,3.89
25682474,Silver Scars,Romance,Contemporary,282,Posy Roberts,3.81
11389341,The Meaning of Marriage: Facing the Complexities of Commitment with the Wisdom of God,Marriage,Christian,288,Timothy J. Keller,4.32
1057398,Fearfully and Wonderfully Made,Christian,Nonfiction,240,Paul W. Brand,4.43
25215765,Dragons,Romance,Contemporary,42,Jaycee Edward,3.71
25856991,Loving Joshua,Romance,See-top-shelves,254,Grein Murray,3.92
24991214,Signs,Romance,Disability,200,Anna  Martin,3.8
354007,The Major Works,Philosophy,Religion,544,Anselm of Canterbury,3.88
228990,The Illearth War,Fantasy,Science-Fiction-Fantasy,527,Stephen R. Donaldson,3.91
549029,The Religious Affections,Religion,Christian,382,Jonathan Edwards,4.14
374280,Real Christianity,Christian,Religion,203,William Wilberforce,4.2
883436,Handbook of Christian Apologetics,Christianity,Religion,406,Peter Kreeft,4.2
17801425,Emotions: Confront the Lies. Conquer with Truth.,Christian,Religion,304,Charles F. Stanley,4.33
111384,Can Man Live Without God,Philosophy,Religion,240,Ravi Zacharias,4.19
17381520,Static Jedi: The Art of Hearing God Through the Noise,Christian,Nonfiction,240,Eric Samuel Timm,3.86
174845,Life Together: The Classic Exploration of Christian Community,Religion,Christian,122,Dietrich Bonhoeffer,4.26
1661390,100 Cupboards,Fantasy,Fiction,289,N.D. Wilson,3.98
16066588,A Song for Julia,New-Adult,Romance,369,Charles Sheehan-Miles,4.09
25682166,Chosen: Episode One,Fantasy,Romance,75,Nicholas Bella,4.23
64081,The Irresistible Revolution: Living as an Ordinary Radical,Christian,Nonfiction,367,Shane Claiborne,4.06
25398528,Make Me Soar,Erotica,Romance,290,K.C. Wells,3.93
1058726,The Book of Common Prayer and Administration of the Sacraments and Other Rites and Ceremonies of the Church,Religion,Reference,1001,Church of England,4.38
26165817,Discovering Dalton,Romance,Erotica,382,Nicole Colville,4.2
32148391,Silver-Tongued Devil,Romance,Sports-and-Games,400,Rosalind  James,4.08
17311772,Love Love,Romance,New-Adult,286,Beth Michele,3.88
49269,How Now Shall We Live?,Christian,Religion,656,Charles W. Colson,4.2
252783,The Attributes of God,Religion,Christian,123,Arthur W. Pink,4.39
19242026,I'm with You,New-Adult,Romance,206,Glenna Maynard,4.06
23944818,Dirty Dining,Romance,Contemporary,230,E.M. Lynley,3.62
6515834,Forgotten God: Reversing Our Tragic Neglect of the Holy Spirit,Christian,Nonfiction,167,Francis Chan,4.14
14778,Chosen By God: Know God's Perfect Plan for His Glory and His Children,Religion,Christian,208,R.C. Sproul,4.27
30968750,#Bae,New-Adult,Romance,334,Cambria Hebert,4.15
30365409,One Week to Score,Romance,Romance,154,Kate Meader,3.95
63827,Total Truth: Liberating Christianity from its Cultural Captivity,Religion,Christian,511,Nancy R. Pearcey,4.25
7742967,Anchors Aweigh,Romance,War,105,Janey Chapel,3.66
26832111,Coming Clean,Romance,Adult-Fiction,322,C.L. Parker,3.98
25863889,Damages Incurred,Erotica,Romance,265,J.R. Gray,3.93
27774343,Welcoming the Bad Boy,Romance,Romance,279,Annie Rains,4.06
31299921,The Shack by the Bay,Fiction,Romance,418,Lea Davey,4.35
25687508,In the Middle of Somewhere,Romance,Romance,350,Roan Parrish,4.13
673655,On the Incarnation,Religion,Religion,120,Athanasius of Alexandria,4.25
28507357,Darkest Journey,Fantasy,Romance,368,Heather Graham,3.92
6272360,Her Majesty's Men,Romance,War,144,Marquesate,4.34
27416023,Remembering Everly,Romance,Contemporary,384,J.L. Berg,4.14
38490252,Virtually Impossible,Romance,Romance,312,Lauren Stewart,3.91
13559482,The Time Weaver,Fantasy,Science-Fiction,307,Thomas A. Knight,3.78
31352649,Of Winged Creatures & Nesting Grounds,Romance,Romance,156,A. Wilding Wells,4.24
7497897,Radical: Taking Back Your Faith from the American Dream,Nonfiction,Christian,230,David Platt,4.19
232467,Institutes of the Christian Religion 2 Vols,Religion,Christian,1810,John Calvin,4.16
30813842,A Wizard's Forge (The Woern Saga #1),Fantasy,Science-Fiction,326,A.M. Justice,3.98
29549407,Like a Boss,Romance,Adult-Fiction,184,Logan Chance,4.06
666758,The Knowledge of the Holy,Religion,Christian,117,A.W. Tozer,4.34
28119148,Sinner's Revenge,Romance,See-top-shelves,319,Kim Jones,4.12
27217549,Forever Betrayed,Romance,Contemporary,275,Kathleen Brooks,4.33
30622123,Winter's Touch,Romance,Romance,232,Jamie Begley,4.23
30236300,Black Swan Affair,Romance,Romance,370,K.L. Kreig,4.29
31332255,Heartless,Romance,Contemporary,498,Winter Renshaw,3.92
30038278,Ball Peen Hammer,Romance,Humor,384,Lauren Rowe,4.21
27970260,Burn Down the Night,Romance,Romance,334,Molly O'Keefe,3.84
28587609,Pull Me Close,Romance,Contemporary,240,Sidney Halston,3.99
25733442,Version Control,Science-Fiction,Fiction,495,Dexter Palmer,3.69
25843420,The Atlantis Gene,Science-Fiction,Fiction,464,A.G. Riddle,3.85
16130366,Under a Graveyard Sky,Horror,Science-Fiction,367,John Ringo,4.1
13163688,After the Fall Before the Fall During the Fall,Science-Fiction,Fiction,189,Nancy Kress,3.79
11249375,After the Apocalypse,Short-Stories,Fiction,188,Maureen F. McHugh,3.84
18166988,Dark Eden,Science-Fiction,Fiction,441,Chris Beckett,3.78
13330370,The Last Policeman,Mystery,Fiction,316,Ben H. Winters,3.75
16100436,Love Minus Eighty,Science-Fiction,Fiction,432,Will McIntosh,3.76
20697435,The Book of Strange New Things,Fiction,Science-Fiction,500,Michel Faber,3.85
17605440,The Red: First Light,Science-Fiction,Fiction,349,Linda Nagata,3.78
29475447,A Closed and Common Orbit,Science-Fiction,Fiction,365,Becky Chambers,4.22
17214420,Just Between Us,Lgbt,Romance,308,J.H. Trumble,4.08
116444,A Meeting at Corvallis,Fantasy,Science-Fiction,497,S.M. Stirling,3.9
37703013,Vampire's Faith,Fantasy,Paranormal,292,Rebecca Zanetti,4.19
145159,Flesh,Horror,Fiction,368,Richard Laymon,3.8
102164,Goon,Horror,Horror,148,Edward Lee,3.76
219588,Skin,Horror,Fiction,416,Kathe Koja,3.72
21776145,The Scriptlings,Fiction,Humor,372,Sorin Suciu,4.14
6905941,Depraved,Horror,Fiction,324,Bryan Smith,3.76
1706483,Master of Lies,Horror,Fiction,330,Graham Masterton,3.78
20585082,Sick Bastards,Horror,Horror,238,Matt Shaw,3.88
3173125,Beat the Reaper,Fiction,Thriller,310,Josh Bazell,3.71
1169991,Mr. Clarinet,Thriller,Mystery,448,Nick Stone,3.82
36182208,Dumb as a Roc,Fantasy,Paranormal,83,Mina Carter,3.94
1079991,High Life,Fiction,Mystery,331,Matthew Stokoe,3.59
37944650,One Wild Night,Romance,Romance,144,A.L. Jackson,4.11
397870,Moon,Horror,Fiction,320,James Herbert,3.83
35023962,Love Game,Romance,Contemporary,384,Maggie Wells,3.8
179737,Offspring: The Sequel to Off Season,Horror,Fiction,248,Jack Ketchum,3.84
35397789,Second Chance Cowboy,Romance,Contemporary,320,A.J. Pine,3.88
37527980,Forgetting You Remembering Me,Romance,Romance,468,Monica  James,4.1
17253860,Hillary: Tail of the Dog,Horror,Dark,243,Angel Gelique,4.06
2946591,Forbidden Boy,Young-Adult,Romance,256,Hailey Abbott,3.76
35383330,Playmaker,Romance,Contemporary-Romance,222,L.P. Dover,4.11
4545561,The Creative Entrepreneur: A DIY Visual Guidebook for Making Business Ideas Real,Business,Art,128,Lisa Sonora,4.08
42708743,The Influential Author: How and Why to Write Publish and Sell Nonfiction Books that Matter,Nonfiction,Language,438,Gregory V. Diehl,4.14
33841356,NightWhere,Horror,Erotica,394,John Everson,3.72
43087646,Love Conquer,Sociology,See-top-shelves,169,Cary Hart,4.46
477801,Let's Go Play at the Adams',Horror,Fiction,282,Mendal W. Johnson,3.63
34052569,52 Dates for Writers - Ride a Tandem Assume an Alias and 50 Other Ways to Improve Your Novel Draft,Language,Nonfiction,123,Claire Wingfield,4.69
24676627,Writing Advice for Teens: Creating Stories,Language,Nonfiction,174,Mike Kalmbach,4.2
6011949,Apeshit  ,Horror,Horror,178,Carlton Mellick III,3.81
36458552,Shopping for Love (BookShots Flames),Romance,Novella,95,Renee Carlino,4.06
116685,Write Away: One Novelist's Approach to Fiction and the Writing Life,Language,Nonfiction,288,Elizabeth  George,3.97
6414121,Origin,Horror,Thriller,306,J.A. Konrath,3.89
6339026,????? ????? ??????,Philosophy,Sociology,384,???? ???? ???????,3.94
263254,The First Five Pages: A Writer's Guide To Staying Out of the Rejection Pile,Language,Nonfiction,208,Noah Lukeman,3.93
8141083,Serial Uncut: Extended Edition,Horror,Thriller,162,Jack Kilborn,3.86
6609864,Sweet Little Lies,Young-Adult,Womens-Fiction,309,Lauren Conrad,3.54
12586,The Eye of the Story: Selected Essays and Reviews,Writing,Nonfiction,368,Eudora Welty,3.87
36041506,Unraveled,Romance,Dark,288,Helen Hardt,4.3
1027079,Writing Alone and with Others,Language,Nonfiction,416,Pat Schneider,4.17
36793989,Hunter,Romance,Suspense,266,Eden Summers,4.06
1027978,Fun with a Pencil,Art,Art,121,Andrew Loomis,4.08
31933798,Ein Blick in die Hlle - Buch 2: Festa Extrem,Horror,Horror,211,Wade H. Garrett,4.17
38223311,Girl Talk,Adult-Fiction,Romance,264,Cassidy Storm,4.08
125225,One Art,Poetry,Nonfiction,704,Elizabeth Bishop,4.2
40603943,Baby Maker,Romance,Contemporary,308,P. Dangelico,4.13
765654,Ish,Childrens,Art,32,Peter H. Reynolds,4.1
2222947,Meat,Horror,Science-Fiction,343,Joseph D'Lacey,3.77
355904,Portrait of an Artist: A Biography of Georgia O'Keeffe,Art,Biography,408,Laurie Lisle,4.06
85871,About Writing: Seven Essays Four Letters & Five Interviews,Language,Nonfiction,420,Samuel R. Delany,3.89
32532,On Becoming a Novelist,Language,Nonfiction,150,John Gardner,3.8
74105,Western Wind: An Introduction to Poetry,Poetry,Nonfiction,688,David  Mason,4.04
16094450,The Jigsaw Man,Horror,Thriller,289,Gord Rollo,3.79
35148790,Sweet Dreams,Romance,Contemporary,230,Marika Ray,4.34
11519723,How To Write Science Fiction,Language,Nonfiction,39,Paul Di Filippo,3.76
37800620,False Start,Romance,New-Adult,374,Rebel Farris,4.4
572046,Plotting and Writing Suspense Fiction  ,Language,Nonfiction,160,Patricia Highsmith,3.87
30848556,Cala Ibi,Fiction,Fantasy,271,Nukila Amal,3.36
15982998,Lalita,Fiction,Asian-Literature,256,Ayu Utami,3.6
2086132,What It Is,Sequential-Art,Art,210,Lynda Barry,4.13
36656582,Devastate,Dark,Romance,252,Pam Godwin,4.13
37830526,Aroma Karsa,Fantasy,Fiction,724,Dee Lestari,3.9
8492765,MFA in a Box,Language,Nonfiction,274,John Rember,3.96
36471697,The Baby Maker,Romance,Contemporary,276,Lili Valente,4.01
969177,Ayat-Ayat Cinta,Novels,Fiction,418,Habiburrahman El-Shirazy,3.79
891472,The Summer I Died,Horror,Thriller,226,Ryan C. Thomas,3.87
12290008,Antologi Rasa,Romance,Fiction,328,Ika Natassa,3.75
13232499,Sunshine Becomes You,Romance,Asian-Literature,432,Ilana Tan,4.01
35185556,Bought by the Boss: A Novel,Adult-Fiction,Romance,179,Stacey Kennedy,4.02
2331954,Infected,Horror,Science-Fiction,342,Scott Sigler,4.02
58169,Catching the Big Fish: Meditation Consciousness and Creativity,Nonfiction,Philosophy,181,David Lynch,3.93
16171710,Camar Biru: Cinta Tak Selalu Tepat Waktu,Romance,Asian-Literature,279,Nilam Suri,3.83
6788533,Refrain,Romance,Asian-Literature,318,Winna Efendi,3.82
1215920,Survivor,Horror,Horror,384,J.F. Gonzalez,3.85
428862,Wreck This Journal,Nonfiction,Art,192,Keri Smith,4.1
29546259,Raden Mandasia si Pencuri Daging Sapi,Fantasy,Fiction,450,Yusi Avianto Pareanom,4.23
10805300,Bekisar Merah,Novels,Asian-Literature,358,Ahmad Tohari,3.98
25609206,Mindful Being (Alchemy of Love Mindfulness Training #4),Spirituality,Self-Help,187,Nataa Nuit Pantovi?,4.61
42387698,Living Out Loud,Romance,Contemporary,324,Staci Hart,3.94
26168976,Bandersnatch: C.S. Lewis J.R.R. Tolkien and the Creative Collaboration of the Inklings,Nonfiction,Language,192,Diana Pavlac Glyer,4.26
7876993,Entrok,Novels,Asian-Literature,282,Okky Madasari,3.74
164862,Creative Companion: How to Free Your Creative Spirit,Art,Self-Help,80,S.A.R.K.,4.12
418824,Letters to a Young Novelist,Nonfiction,Language,136,Mario Vargas Llosa,3.96
1481902,Kitab Omong Kosong,Novels,Asian-Literature,632,Seno Gumira Ajidarma,3.76
36606622,I Wanna Text You Up,Romance,New-Adult,300,Teagan Hunter,4.13
1492461,Dian Yang Tak Kunjung Padam,Asian-Literature,Novels,155,Sutan Takdir Alisjahbana,3.68
9948860,From Words to Brain,Nonfiction,Language,100,Livia Blackburne,3.78
1337885,Pada Sebuah Kapal,Asian-Literature,Fiction,351,Nh. Dini,3.61
38219027,Vlad,Dark,Romance,215,Ker Dukey,4.2
36240512,Driving Whiskey Wild,Romance,Romance,312,Melissa Foster,4.19
36295656,Gods & Monsters,Romance,New-Adult,416,Saffron A. Kent,4.15
16292266,The Artist's Torah,Art,Literature,254,David Ebenbach,4.48
28604340,Tan: Sebuah Novel,Novels,See-top-shelves,427,Hendri Teja,4.12
71828,Making a Literary Life: Advice for Writers and Other Dreamers,Language,Nonfiction,288,Carolyn See,3.76
3060904,Rara Mendut: Sebuah Trilogi,Novels,Asian-Literature,806,Y.B. Mangunwijaya,3.98
4889214,Far North,Fiction,Apocalyptic,288,Marcel Theroux,3.7
34202199,Up in Smoke,Dark,Romance,358,T.M. Frazier,4.35
12530,The Writing Life,Language,Nonfiction,113,Annie Dillard,4.02
1335568,Engine Summer,Science-Fiction,Fantasy,209,John Crowley,3.82
25736858,Hujan Bulan Juni,Romance,Novels,144,Sapardi Djoko Damono,3.9
323172,Mockingbird,Science-Fiction,Science-Fiction,278,Walter Tevis,4.06
15995172,Amba: Sebuah Novel,Historical,Fiction,496,Laksmi Pamuntjak,3.53
13099738,Steal Like an Artist: 10 Things Nobody Told You About Being Creative,Nonfiction,Art,160,Austin Kleon,3.92
12343299,Empty Cradle: The Untimely Death of Corey Sanderson,Fiction,Science-Fiction,378,Emmy Jackson,4.82
3029362,Jomblo: Sebuah Komedi Cinta,Asian-Literature,Novels,150,Adhitya Mulya,3.78
18210441,Season of the Dead,Horror,Horror,318,Lucia  Adams,4.03
8460524,Padang Bulan,Novels,Fiction,254,Andrea Hirata,4.03
40528520,Now What?!!,Fiction,Novels,239,Michael   Kramer,4.33
16241153,Christian Nation,Fiction,Religion,352,Frederic C. Rich,3.78
7948706,Muhammad: Lelaki Penggenggam Hujan,Novels,Religion,546,Tasaro G.K.,4.13
1689657,World Made by Hand,Fiction,Apocalyptic,317,James Howard Kunstler,3.79
43602037,Wicked with the Scoundrel,Romance,See-top-shelves,200,Elizabeth   Bright,4.03
11168429,The Old Man and the Wasteland,Apocalyptic,Science-Fiction,125,Nick Cole,4.09
39735918,Crashing into Her,Romance,Contemporary,384,Mia Sosa,3.73
22037542,Dilan: Dia Adalah Dilanku Tahun 1990,Romance,Novels,332,Pidi Baiq,4.07
36672702,All Systems Down,Thriller,Fiction,240,Sam Boush,4.04
35097525,The Matchmaker's List,Romance,Contemporary,352,Sonya Lalli,3.58
16174176,Pulang,Asian-Literature,Historical,464,Leila S. Chudori,4.12
40409456,Fierce Justice,Romance,See-top-shelves,304,Piper J. Drake,3.96
40409727,Bad Influence,Romance,Contemporary,384,Stefanie London,3.85
17981656,Tyrian's Mist,Fantasy,Romance,86,V.L. Moon,4.07
39797458,For Emery (For You #4),Sports-and-Games,New-Adult,210,J.  Nathan,4.03
18001662,Rough Attraction,Romance,Contemporary,198,Talon P.S.,4.13
17858589,Dead Man and the Restless Spirits,Romance,Fantasy,166,Lou Harper,3.72
18186965,Dear Soldier With Love II: A Lost Soldier Named Grey,War,Romance,85,Tarian P.S.,4.22
30116307,Beat,Science-Fiction,Science-Fiction,296,Jared Garrett,4.1
40665653,Misadventures of a Curvy Girl,Romance,Contemporary,240,Sierra Simone,4.1
17922897,A Sinner Born,Romance,Contemporary,277,Avril Ashton,4.0
13498897,Reach for the Moon,Romance,Young-Adult,320,Val Kovalin,3.77
17560419,From the Ashes,Romance,Contemporary,259,Daisy Harris,3.58
13516024,Public Consumer Enemy: A-Z Handbook of How to Complain & Win,How-To,See-top-shelves,224,Stephen Richards,3.92
13508767,The Champion in all of Us: 12 Rules for Success,Self-Help,Business,200,Steve Backley,3.96
6575698,Hidden Secrets: Attract Everything You Want,Self-Help,Occult,150,Carl Nagel,4.34
18989438,Self Esteem Secrets: 12 Steps to Success,Self-Help,Nonfiction,126,Karl Perera,3.83
23121147,Lessons for a Tara Dactyl,Nonfiction,Childrens,44,Tom    Wright,3.74
21854550,The Savvy Woman's Secrets to Outwit a Cheating Man,Self-Help,Nonfiction,112,Ellen Ames,4.44
23413928,Preserve Your Family Pictures: How To Save Photo Heirlooms for Future Generations,Art,Nonfiction,43,Amber Richards,3.88
34091026,Choosing Light: When an Earthquake Buried Me and My Family for 5 Days I Learned to Fully Live,Nonfiction,Autobiography,338,Viral Dalal,4.17
25867265,Paleo from A to Z: A reference guide to better health through nutrition and lifestyle. How to eat live and thrive as nature intended!,Health,Health,332,Darryl Edwards,4.06
12964250,Targeting Success Develop the Right Business Attitude to be Successful in the Workplace,Business,Self-Help,244,Lorii Myers,4.09
17990425,How to Find and Create Lasting Love: Preparing Your Foundation Selecting the Right Partner and Ensuring Success in Your Relationship,Self-Help,See-top-shelves,104,Dylan Thrasher,3.82
13566100,Reimagined: How amazing people design lives they love ,Nonfiction,Self-Help,282,Ian Breck,4.17
16107839,With the [Stroke] of a Pen Claim Your Life,Economics,Nonfiction,150,Jane Blaufus,4.72
15898745,Declutter Now!: Uncovering the Hidden Joy and Freedom in Your Life,Self-Help,Nonfiction,249,Lindon Gareis,4.4
34750134,Slim And Healthy You,Health,Health,205,Sahara Sanders,4.53
12877,Death of a Nationalist,Mystery,Historical,280,Rebecca Pawel,3.81
30966,Rounding the Mark,Mystery,Mystery,272,Andrea Camilleri,3.88
36329959,The Right To The Truth: For families and friends of patients with cancer,Health,See-top-shelves,288,I.C. Papachristos,4.55
11031,The Flanders Panel,Mystery,Fiction,295,Arturo Prez-Reverte,3.77
16162561,I Hear the Sirens in the Street,Mystery,Mystery,334,Adrian McKinty,4.04
271295,A Cold Day For Murder,Mystery,Fiction,208,Dana Stabenow,4.01
1321926,The Tokyo Zodiac Murders,Mystery,Cultural,252,S?ji Shimada,3.83
18189084,Blood and Justice,Mystery,Fiction,301,Rayven T. Hill,3.86
15840057,Hellfire,Thriller,Thriller,383,Rickard B. DeMille,3.91
21855477,Revenge of the Wolf,Shapeshifters,See-top-shelves,344,Wyatt Michael,3.85
9552271,Trackers,Cultural,Fiction,488,Deon Meyer,4.01
644655,Raven Black,Mystery,Mystery,374,Ann Cleeves,3.98
22047125,Dancing Bear,Thriller,Mystery,206,Oren Sanderson,3.65
5103426,The Summer of the Ubume,Horror,Cultural,320,Natsuhiko Kyogoku,3.97
16180308,Homecountry (Peter Clancy #1),Thriller,Fiction,210,T.W. Lawless,3.96
35295478,A Butler Christmas,Romance,Holiday,278,Rahiem Brooks,4.24
32935069,Deceived,Thriller,Mystery,350,Heena Rathore P.,4.21
39863237,The Ruin of Kings,Fantasy,Young-Adult,560,Jenn Lyons,4.02
937098,Carte Blanche,Mystery,Cultural,108,Carlo Lucarelli,3.5
35274032,Ruse,Science-Fiction,Young-Adult,336,Cindy Pon,3.63
41150474,Tell Me How You Really Feel,Contemporary,Young-Adult,320,Aminah Mae Safi,3.72
40642114,Titanshade,Fantasy,Mystery,416,Dan Stout,4.31
25365,Out,Fiction,Cultural,400,Natsuo Kirino,3.76
40397083,Black Blood,Fantasy,See-top-shelves,464,S.D. Grimm,4.1
39009405,The Frame-Up,Mystery,Romance,287,Meghan Scott Molin,3.94
7199027,Warrior,Romance,Fantasy,354,Zoe Archer,3.54
2023774,Sword Woman,Fantasy,Historical,169,Robert E. Howard,4.09
76706,Track of the Cat,Mystery,Fiction,218,Nevada Barr,3.85
4583489,Death's Daughter,Fantasy,Fantasy,359,Amber Benson,3.77
39101308,The Devil's Fire,Adventure,Historical,300,Matt Tomerlin,3.86
35691529,The Scene,Fantasy,Paranormal,322,R.M. Gilmore,4.26
941226,Jirel of Joiry,Fantasy,Heroic-Fantasy,212,C.L. Moore,4.02
12821520,The Chimera Vector,Thriller,Science-Fiction,362,Nathan M. Farrugia,3.87
14289707,Redemption,Thriller,Fiction,560,Will Jordan,4.14
538381,Bad Blood,Fantasy,Fantasy,342,L.A. Banks,3.97
36172319,V Games,Paranormal,Fantasy,414,Caroline Peckham,4.38
8716587,Last Exit In New Jersey,Fiction,Mystery,472,C.E. Grundler,3.27
6257500,Three Days to Dead,Fantasy,Paranormal,405,Kelly Meding,3.73
17437203,The Geneva Decision,Mystery,Thriller,282,Seeley James,3.98
12649,???????? ??? ??? ????,Philosophy,Classics,476,Jean-Jacques Rousseau,3.75
9262,????? ?? ?????,Nonfiction,Writing,480,Henry Miller,3.8
16102159,?????? ??????,Novels,See-top-shelves,365,???? ??????,4.05
67880,?????????,Philosophy,Nonfiction,340,Colin Wilson,3.94
2246958,???? ?? ???????,Biography,Nonfiction,358,???? ??? ?????? ???????,3.77
6288703,??? ??? ????: ???? ?????? ??? ???,Religion,See-top-shelves,107,???? ??? ????,4.18
6327634,????? ??????: ??? ??????? ???????,Science,Science,350,??? ?????? ???,4.08
6054132,?? ???? ?????,Poetry,See-top-shelves,58,????? ??????,3.4
8574333,????? ????? ????,Fiction,Cultural,199,Kyung-Sook Shin,3.79
5886412,????? ??????,Poetry,Plays,127,???? ??? ??????,3.93
3018318,??????,Poetry,See-top-shelves,105,Mahmoud Darwish,4.15
112803,The Story of My Experiments With Truth,Biography,Nonfiction,560,Mahatma Gandhi,4.05
26384191,The Hell Within Me,Poetry,See-top-shelves,127,C.B. Roberts,4.75
17228236,The Culling of the Fold,Poetry,Autobiography,147,Jessika Bat,4.31
1009886,Don't Say a Word,Romance,Mystery,396,Barbara Freethy,3.96
17707617,Doing Hard Time,Mystery,Fiction,320,Stuart Woods,3.87
17693783,The Quest,Fiction,Thriller,458,Nelson DeMille,4.02
16130723,Hidden Order,Thriller,Fiction,377,Brad Thor,4.16
16248144,Second Watch,Mystery,Fiction,340,J.A. Jance,3.99
7433963,40 ?? ???? ?? ????,Biography,Nonfiction,63,???? ??????,3.54
15793165,Don't Go,Fiction,Mystery,374,Lisa Scottoline,3.77
15841850,The King's Deception,Fiction,Thriller,409,Steve Berry,3.89
685788,Mirror Image,Romance,Romance,448,Sandra Brown,3.9
17333431,King and Maxwell,Mystery,Fiction,419,David Baldacci,4.06
291583,Doing It,Young-Adult,Fiction,326,Melvin Burgess,3.69
12176602,Blood and Light,Fantasy,Science-Fiction,568,Rue Volley,3.99
17230115,Fearful Day: Voices of Hell Prequel,Horror,See-top-shelves,22,Catherine Stovall,4.13
18076372,Monster,Science-Fiction,Science-Fiction,422,Mirriam Neal,4.38
13324895,The Binding,Fantasy,Romance,279,L. Filloon,4.15
23259278,The Leopard Stratagem,Historical,Historical,429,T.A. Uner,4.06
9821848,His Christmas Wish,Romance,Holiday,60,Andi Anderson,3.6
19504319,Fractured Fairy Tales of the Twilight Zone,Science-Fiction,Fantasy,106,J. Cafesin,3.82
23588453,Always Hope,Romance,Contemporary,165,Lisa Worrall,3.73
8387640,The Solstice Mistletoe Effect,Romance,Contemporary,126,Serena Yates,3.6
15803560,Daddy's Gone A Hunting,Mystery,Fiction,338,Mary Higgins Clark,3.82
16004807,The Gathering Darkness,Romance,Young-Adult,320,Lisa Collicutt,3.8
9758587,A Change of Tune,Romance,Contemporary,373,J.M. Cartwright,3.75
32492166,The Seven Torments of Amy and Craig,Young-Adult,Romance,352,Don Zolidis,4.01
17745221,The Dragon's Portal,Fantasy,See-top-shelves,116,Sally Slayer,4.48
35225721,The Heresy Within,Fantasy,Fantasy,526,Rob J. Hayes,4.01
18781871,The Pillars of Sand,Fantasy,Fantasy,488,Mark T. Barnes,3.91
29241027,St-st-stuffed,Romance,Romance,291,Anyta Sunday,3.97
36125580,Disarming,Paranormal,Fantasy,243,Alexia Purdy,3.94
22879172,Nanny Dearest,Romance,Romance,117,Shawn Bailey,3.25
16071701,Bad Monkey,Fiction,Mystery,317,Carl Hiaasen,3.83
20504287,Blood Will Follow,Fantasy,Historical,308,Snorri Kristjansson,3.71
32469736,The Disasters,Science-Fiction,Young-Adult,352,M.K. England,3.82
14889776,The Fifth Assassin,Fiction,Mystery,436,Brad Meltzer,3.87
9565193,Making His List,Romance,Holiday,76,Devon Rhodes,3.66
20708773,Quest,Childrens,Fantasy,40,Aaron Becker,4.37
12354504,The Gladiator's Master,Romance,Historical,244,Fae Sutherland,3.71
25789367,Power,Romance,Paranormal,298,Theresa M. Jones,4.16
30216996,The Cinderella Theorem,Fantasy,Young-Adult,391,Kristee Ravan,4.2
15793074,Best Kept Secret,Fiction,Historical,373,Jeffrey Archer,4.01
33540072,The Earl of Brass,Science-Fiction,Fantasy,300,Kara Jorgensen,3.93
23494599,Libellus de Numeros,Fantasy,Young-Adult,383,Jim    West,4.44
13558188,Mind Magic,Romance,Fantasy,200,Poppy Dennison,3.84
10504378,Fangs and Lullabies,Romance,Fantasy,310,Kallysten,4.0
16248078,The English Girl,Fiction,Thriller,482,Daniel Silva,4.19
18773681,The White Towers,Fantasy,See-top-shelves,460,Andy Remic,3.63
9595412,Sandpipers' Secrets,Romance,Erotica,137,Jade Archer,3.58
8571791,Inestimable Blessings,Romance,Contemporary,149,Amanda Young,3.47
19106050,The Boy with the Porcelain Blade,Fantasy,Fiction,336,Den Patrick,3.54
20257238,Wood Sprites,Fantasy,Fantasy,496,Wen Spencer,4.11
6801595,Cactus's Secret Vol. 01,Sequential-Art,Romance,192,Nana Haruta,3.88
16687056,The Tower Broken,Fantasy,Fantasy,408,Mazarkis Williams,3.53
18490614,Chasers of the Wind,Fantasy,Fantasy,400,Alexey Pehov,4.17
1019924,Fake Volume 01,Sequential-Art,Manga,192,Sanami Matoh,4.11
23204200,The Free,Fantasy,Fiction,446,Brian Ruckley,3.47
8976455,Oresama Teacher Vol. 1,Sequential-Art,Manga,192,Izumi Tsubaki,4.27
18004404,Field of Innocence,Fantasy,Young-Adult,390,Lainy Lane,3.9
22548602,The Sea-Stone Sword,Fantasy,Lgbt,332,Joel Cornah,4.11
19487669,The Shattered Crown,Fantasy,Fiction,392,Richard  Ford,3.71
18012643,A Taylor-Made Life,New-Adult,Romance,216,Kary Rader,4.14
21824659,Nomad,Fantasy,Romance,350,Joanne Hall,4.06
967050,Immortal Rain Vol. 1,Sequential-Art,Fantasy,192,Kaori Ozaki (?????),4.27
22396311,Fae: The Wild Hunt,Fantasy,Fairies,445,Graham Austin-King,3.94
17315933,First Bite,Young-Adult,Romance,35,Khelsey Jackson,3.58
321722,Punch! Vol. 1,Sequential-Art,Sequential-Art,208,Rie Takada,3.93
16148208,Full Fathom Five,Fantasy,Fantasy,382,Max Gladstone,4.0
445623,Her Majesty's Dog Volume 1,Sequential-Art,Romance,192,Mick Takeuchi,4.0
21409944,In Search of Gods and Heroes,Fantasy,Romance,420,Sammy H.K. Smith,4.28
6558209,Kyou Koi wo Hajimemasu Vol 01,Sequential-Art,Romance,187,Kanan Minami,4.06
13279692,Scourge of the Betrayer,Fantasy,Fantasy,320,Jeff Salyards,3.75
2946979,Kindan no koi de ikou #1,Sequential-Art,Romance,190,Tomu Ohmi,4.12
22090434,The Incorruptibles,Fantasy,Science-Fiction,306,John Hornor Jacobs,3.89
1819738,Mamotte! Lollipop Vol. 01,Sequential-Art,Fantasy,224,Michiyo Kikuta,4.22
17885828,Solstice,Horror,See-top-shelves,132,Bryan W. Dull,4.27
1659539,B.O.D.Y. Vol. 1,Sequential-Art,Romance,200,A.O. Mimori,3.99
24533518,Wings of Vengeance,Romance,Fantasy,296,Kylie Price,4.45
9992246,Eating Smoke: One Man's Descent Into Crystal Meth Psychosis in Hong Kong's Triad Heartland,Nonfiction,Mystery,420,Chris Thrall,3.67
17843498,Seven in a Jeep,Nonfiction,Biography,332,Ed Gaydos,4.27
233711,Father and I Were Ranchers,Classics,Biography,260,Ralph Moody,4.32
2946919,Kiss/Hug Vol. 01,Sequential-Art,Romance,186,Kako Mitsuki,4.15
759776,Kamikaze Kaito Jeanne Vol. 1,Sequential-Art,Fantasy,176,Arina Tanemura,4.16
772852,The Cross and the Switchblade,Nonfiction,Religion,176,David Wilkerson,4.22
40651803,Valour,Fantasy,Fantasy,640,John Gwynne,4.3
402169,Spandau: The Secret Diaries,History,Nonfiction,480,Albert Speer,4.09
6452806,True Compass: A Memoir,Biography,Nonfiction,532,Edward M. Kennedy,3.99
562747,Peach Girl Vol. 1,Sequential-Art,Romance,184,Miwa Ueda,3.96
6746528,Romeo x Juliet Omnibus,Sequential-Art,Fantasy,368,COM,3.99
8747308,She Walks in Beauty: A Woman's Journey Through Poems,Poetry,Nonfiction,332,Caroline Kennedy,3.98
71969,Toast: The Story of a Boy's Hunger,Nonfiction,Food-and-Drink,238,Nigel Slater,4.08
1819717,Kare First Love Vol. 1,Sequential-Art,Romance,181,Kaho Miyasaka,3.99
195211,The Fact of a Doorframe: Poems Selected and New 1950-1984,Poetry,Feminism,358,Adrienne Rich,4.2
880378,My Life,Biography,History,512,Benvenuto Cellini,3.98
3077578,In the Eyes of a Military Wife,Poetry,See-top-shelves,98,Amanda Springer,4.59
33515558,Leaf,Poetry,See-top-shelves,54,Joanne Van Leerdam,4.58
500463,Kodocha: Sana's Stage Vol. 01,Sequential-Art,Sequential-Art,200,Miho Obana,4.29
775254,From Manassas To Appomattox,Military-History,Biography,800,James Longstreet,3.93
175078,The Seven Storey Mountain,Religion,Spirituality,467,Thomas Merton,4.21
4960,A Monk Swimming,Nonfiction,Autobiography,290,Malachy McCourt,3.47
24686734,Hidden Deep,Fantasy,Young-Adult,319,Amy Patrick,4.12
13932,The Noonday Demon: An Atlas of Depression,Nonfiction,Psychology,576,Andrew Solomon,4.22
126151,Kaffir Boy: An Autobiography,Nonfiction,Cultural,354,Mark Mathabane,4.13
8934126,Me,Biography,Nonfiction,292,Ricky Martin,3.55
61049,Autobiography of Red,Poetry,Fiction,149,Anne Carson,4.29
695009,The Poems of Georg Trakl,Poetry,European-Literature,190,Georg Trakl,4.41
1098336,Junjo Romantica Volume 01,Sequential-Art,Manga,190,Shungiku Nakamura,4.4
223394,The Complete Poems,Poetry,Classics,944,Percy Bysshe Shelley,3.76
565323,Selected Poems,Poetry,Classics,220,Constantinos P. Cavafis,4.36
23622600,An Inkling Hope: Select Poems,Poetry,See-top-shelves,210,Erin A. Thomas,3.96
3398701,Beyond My Control: One Man's Struggle with Epilepsy Seizure Surgery & Beyond,Nonfiction,Autobiography,108,Stuart Ross McCallum,4.36
980426,Love Poems,Poetry,Classics,90,Pablo Neruda,4.32
565149,Illuminations,Poetry,Classics,182,Arthur Rimbaud,4.34
481821,Selected Poems,Poetry,Feminism,266,Anne Sexton,4.22
18003095,The Shining Citadel,Fantasy,Romance,313,A.L. Butcher,4.14
112110,Lyrical Ballads,Poetry,Classics,118,William Wordsworth,4.0
2265,It's Not about the Bike: My Journey Back to Life,Sports,Biography,294,Lance Armstrong,3.73
563820,A Child's Christmas in Wales,Holiday,Poetry,48,Dylan Thomas,4.16
13562334,The Trouble With Fate,Fantasy,Fantasy,344,Leigh Evans,3.67
133380,Collected Poems,Poetry,Classics,768,Edna St. Vincent Millay,4.16
294395,Tennyson's Poetry,Poetry,Classics,681,Alfred Tennyson,4.08
6778365,An Old Man,Poetry,See-top-shelves,66,Eric M. Black,4.65
3899622,Hands of My Father: A Hearing Boy His Deaf Parents and the Language of Love,Nonfiction,Autobiography,232,Myron Uhlberg,4.07
24403,Nine Horses,Poetry,Adult,144,Billy Collins,4.17
158010,Stranger Music: Selected Poems and Songs,Poetry,Music,432,Leonard Cohen,3.98
105687,All Souls: A Family Story from Southie,Nonfiction,Autobiography,263,Michael Patrick MacDonald,4.06
88612,Growing Up,Autobiography,Nonfiction,352,Russell Baker,4.04
26598770,Detour from Normal,Nonfiction,Autobiography,322,Ken Dickson,3.77
76889,100 Selected Poems,Poetry,Classics,121,E.E. Cummings,4.25
25161347,Wrapped Up In Brown Paper And Other Poems,Poetry,See-top-shelves,25,Peter   John,3.62
10765906,The Shadow Reader,Fantasy,Fantasy,307,Sandy Williams,3.8
65345,Selected Poems of Ezra Pound,Poetry,Classics,184,Ezra Pound,3.94
24308836,This Same Earth,Fantasy,Paranormal,420,Elizabeth   Hunter,4.23
11876043,That Which Should Not Be,Horror,Fantasy,260,Brett J. Talley,3.94
68682,And the Ass Saw the Angel,Horror,Novels,320,Nick Cave,3.68
148040,Poems of Friedrich Hlderlin,Poetry,Classics,63,Friedrich Hlderlin,4.11
12754689,Rapture,Young-Adult,Science-Fiction,300,Phillip W. Simpson,4.07
12603698,Dark Seeker,Fantasy,Paranormal,298,Taryn Browning,3.73
22038750,The Founder's Curse,Science-Fiction,Childrens,284,Danelle O'Donnell,4.12
15792558,Fresh Off the Boat: A Memoir,Autobiography,Nonfiction,288,Eddie Huang,3.66
12810834,172 Hours on the Moon,Young-Adult,Horror,368,Johan Harstad,3.76
4278916,The Sweet Scent of Blood,Fantasy,Paranormal,363,Suzanne McLeod,3.72
15745772,There Comes a Prophet,Fantasy,Young-Adult,282,David Litwack,3.92
9494168,Under Witch Moon,Fantasy,Paranormal,273,Maria E. Schneider,3.99
21527208,Chain of Title,Romance,Romance,356,Robyn Roze,4.22
12624498,Love is Darkness,Paranormal,Fantasy,323,Caroline Hanson,3.77
15840611,Mythology,Young-Adult,Fantasy,418,Helen Boswell,4.05
23250655,Popping the Cherry,New-Adult,Romance,278,Aurelia B. Rowl,3.81
23429684,January Black,Fantasy,Young-Adult,336,Wendy S. Russo,4.22
18004308,Fuzzy Green Things,Fiction,Fantasy,130,Jennifer Szewczuk,4.24
18484332,The Heart of a Girl,New-Adult,Young-Adult,339,Kaitlyn Oruska,4.19
15810406,Choices,Young-Adult,Romance,368,Annie Brewer,3.62
675609,Borrowed Light,Young-Adult,Fiction,288,Anna Fienberg,3.89
1616461,Love & Sex: Ten Stories of Truth,Young-Adult,Short-Stories,225,Michael Cart,3.75
17018524,Bound,Fantasy,Fantasy,368,J. Elizabeth Hill,3.87
363449,It's My Life,Young-Adult,Christian,256,Melody Carlson,3.87
6084301,Nothing Like You,Young-Adult,Romance,224,Lauren Strasnick,3.3
911892,Mr. and Mrs. Bo Jo Jones,Young-Adult,Fiction,208,Ann Head,3.79
131061,A Bad Boy Can Be Good for a Girl,Young-Adult,Poetry,228,Tanya Lee Stone,3.95
257430,Easy,Young-Adult,Fiction,176,Kerry Cohen,3.62
29776106,Unexpected Gifts,Historical,Historical,382,S.R. Mallery,4.08
6796044,October Breezes,Young-Adult,Romance,262,Maria Rachel Hooley,3.7
11991912,Kings & Queens,Mystery,Young-Adult,328,Courtney Vail,4.05
22980034,Detour for Emmy,Literature,Young-Adult,256,Marilyn Reynolds,4.08
33977478,Letters to Eloise,Contemporary,Fiction,293,Emily  Williams,4.48
214576,Imani All Mine,Young-Adult,Fiction,224,Connie Rose Porter,4.04
74769,Dear Nobody,Young-Adult,Fiction,160,Berlie Doherty,3.7
794092,You Maybe: The Profound Asymmetry of Love in High School,Young-Adult,Romance,224,Rachel Vail,3.63
930428,Teach Me,Young-Adult,Romance,272,R.A. Nelson,3.51
343532,One Night,Young-Adult,Romance,236,Margaret Wild,3.85
5562474,Giving Up the V,Young-Adult,Romance,272,Serena Robar,3.76
958641,Hanging on to Max,Young-Adult,Fiction,204,Margaret Bechard,3.79
538581,Lost It,Young-Adult,Romance,276,Kristen Tracy,3.45
39643759,Fliers,Fantasy,Young-Adult,224,Laura  Mae,3.92
35274456,Feeder,Science-Fiction,Young-Adult,304,Patrick Weekes,3.96
36540225,The Timingila,Fantasy,See-top-shelves,258,Shon Mehta,4.32
36432939,All Out of Pretty,Young-Adult,Realistic-Fiction,350,Ingrid  Palmer,4.24
37540341,Mercury Rises,Young-Adult,Fantasy,310,Scarlett Kol,4.45
32941853,Miles Away from You,Young-Adult,Contemporary,272,A.B. Rutledge,3.17
34842042,The Light Between Worlds,Fantasy,Young-Adult,320,Laura E. Weymouth,3.91
35100075,Neverland,Contemporary,Young-Adult,336,Margot McGovern,4.02
36990175,Arrowheart,Young-Adult,Fantasy,384,Rebecca Sky,3.76
38469737,Ignite the Stars,Science-Fiction,Young-Adult,400,Maura Milan,3.97
35217468,When the Beat Drops,Young-Adult,Music,320,Anna Hecker,4.0
36504059,Campfire,Horror,Young-Adult,304,Shawn Sarles,3.34
37677999,The Deepest Roots,Fantasy,Young-Adult,320,Miranda Asebedo,3.97
35122220,Always Forever Maybe,Contemporary,Young-Adult,256,Anica Mrose Rissi,3.7
35795906,Wrong in All the Right Ways: A Novel,Young-Adult,Romance,336,Tiffany Brownlee,3.1
35817737,The Exact Opposite of Okay,Contemporary,Young-Adult,337,Laura Steven,4.21
34748077,Road to Eugenica,Young-Adult,Science-Fiction,340,A.M. Rose,4.19
34848207,A Conspiracy of Stars,Young-Adult,Science-Fiction,432,Olivia A. Cole,3.88
35891344,Burro Hills,Young-Adult,Lgbt,240,Julia Lynn Rubin,4.19
32928935,The Window,Mystery,Young-Adult,352,Amelia Brunskill,3.75
29736467,The Beauty That Remains,Young-Adult,Contemporary,352,Ashley Woodfolk,3.82
35756894,Ten After Closing,Young-Adult,Thriller,328,Jessica Bayliss,3.95
36142487,Anger Is a Gift,Young-Adult,Contemporary,463,Mark Oshiro,4.19
37534862,Dare You to Lie,Mystery,Young-Adult,351,Amber Lynn Natusch,4.09
33224144,Someday Somewhere,Contemporary,Young-Adult,280,Lindsay Champion,3.71
35230722,The Tombs,Fantasy,Young-Adult,448,Deborah Schaumberg,3.65
38338238,The Art of Escaping,Young-Adult,Contemporary,320,Erin  Callahan,3.85
33413915,Nice Try Jane Sinner,Contemporary,Young-Adult,420,Lianne Oelke,3.96
29751533,I Stop Somewhere,Young-Adult,Contemporary,320,T.E. Carter,3.94
36204669,Ship It,Young-Adult,Contemporary,384,Britta Lundin,3.49
34921588,By a Charm and a Curse,Fantasy,Young-Adult,300,Jaime Questell,3.54
32173182,Dive Smack,Young-Adult,Mystery,336,Demetra Brodsky,4.02
32941909,The Dark Beneath the Ice,Horror,Young-Adult,320,Amelinda Brub,3.57
22524101,My So-Called Bollywood Life,Young-Adult,Contemporary,296,Nisha Sharma,3.64
33803113,Beneath the Haunting Sea,Fantasy,Young-Adult,400,Joanna Ruth Meyer,3.97
34324484,Not Even Bones,Fantasy,Young-Adult,368,Rebecca Schaeffer,4.07
974778,Samuel Blink and the Forbidden Forest,Fantasy,Young-Adult,316,Matt Haig,3.98
32718970,See All the Stars,Young-Adult,Contemporary,320,Kit Frick,3.72
7932775,Framed,Mystery,Fiction,240,Gordon Korman,4.0
12379577,Jessaloup's Song,Fantasy,Childrens,218,Hester Velmans,3.89
18127772,The Viking's Apprentice,Fantasy,Young-Adult,125,Kevin McLeod,4.03
38467378,The Namarielle (Chronicles of Lashai Book 1),Fantasy,See-top-shelves,349,Julien Jamar,4.6
32320661,Everless,Fantasy,Young-Adult,362,Sara  Holland,3.85
18273334,An Unfortunate Beginning,Fantasy,Young-Adult,210,Natasha S. Brown,3.84
13493936,No Ordinary Excuse,Childrens,Academic,168,Michelle  Adams,4.21
444347,Chasing Vermeer,Mystery,Fiction,254,Blue Balliett,3.76
3231457,Chicken Cheeks,Childrens,Animals,40,Michael Ian Black,3.88
11929846,Nate Rocks the World,Childrens,Childrens,131,Karen Pokras Toz,4.23
5598988,When the Whistle Blows,Historical,Young-Adult,162,Fran Cannon Slayton,3.75
6444520,Haunted Virginia: Legends Myths and True Tales,Paranormal,Fantasy,256,Pamela K. Kinney,3.95
3490345,Heart of a Shepherd,Childrens,Young-Adult,176,Rosanne Parry,3.8
6082128,The Secret of the Dread Forest,Fantasy,Young-Adult,281,Gillian Summers,3.97
5980771,Harper Lee,Biography,Nonfiction,224,Kerry Madden,4.02
5941366,The Unknowns,Mystery,Science,260,Benedict Carey,3.84
6185409,The Fiend and the Forge,Fantasy,Young-Adult,547,Henry H. Neff,4.15
5612052,The Rock and the River,Historical,Young-Adult,304,Kekla Magoon,3.89
6395623,Cicada Summer,Fiction,Young-Adult,192,Kate Constable,3.94
2320562,1948: The First Arab-Israeli War,History,Cultural,524,Benny Morris,4.0
162902,Satan Says (Pitt Poetry Series),Poetry,Feminism,72,Sharon Olds,4.15
3659,The Book of Evidence,Fiction,Cultural,220,John Banville,3.57
13600791,For the Love of Hades,Fantasy,Romance,301,Sasha Summers,4.0
849637,Aphrodite's Blessings: Love Stories from the Greek Myths,Fantasy,Young-Adult,208,Clemence McLaren,3.72
181426,The Secret Scroll,Young-Adult,Fantasy,268,Lynne Ewing,3.94
383129,The Night Life of the Gods,Fantasy,Fiction,320,Thorne Smith,3.78
27348722,My Ex From Hell,Fantasy,Young-Adult,272,Tellulah Darling,3.78
6752458,Pandora Gets Heart,Fantasy,Fantasy,260,Carolyn Hennesy,3.91
1159679,Gods Behaving Badly,Fiction,Fantasy,293,Marie Phillips,3.42
12241620,Asphodel,Fantasy,Mythology,161,Lauren Hammond,3.66
35156,Clash of the Titans,Fantasy,Fantasy,304,Alan Dean Foster,3.82
162954,Black Ships Before Troy,Historical,Fantasy,128,Rosemary Sutcliff,3.93
7860809,Agatha Heterodyne and the Heirs of the Storm,Science-Fiction,Sequential-Art,144,Phil Foglio,4.29
1296444,Mainspring,Science-Fiction,Fantasy,320,Jay Lake,3.61
760326,Famine,Historical,Cultural,430,Liam O'Flaherty,3.75
16139294,Boston Metaphysical Society (Chapter One),Science-Fiction,Sequential-Art,42,Madeleine Holly-Rosing,4.34
7492383,The Black Lung Captain,Science-Fiction,Fantasy,536,Chris Wooding,4.06
6066181,The Osiris Ritual,Science-Fiction,Fantasy,348,George Mann,3.74
15995144,The Spinning Heart,Fiction,Cultural,160,Donal Ryan,3.89
17262144,A Study in Silks,Science-Fiction,Mystery,531,Emma Jane Holloway,3.77
503156,A Midsummer Tempest,Fantasy,Fiction,318,Poul Anderson,3.84
15789345,Automatic Woman,Science-Fiction,Science-Fiction,200,Nathan Yocum,3.64
11253,A Severed Head,Fiction,Classics,204,Iris Murdoch,3.82
19188,Seeing Things: Poems,Poetry,European-Literature,128,Seamus Heaney,3.5
22626381,Steampunk Alice,Science-Fiction,Short-Stories,140,Dennis Higgins,4.28
245579,My Dream of You,Fiction,Historical,544,Nuala O'Faolain,3.53
6388743,The Ghosts of Belfast,Mystery,Fiction,336,Stuart Neville,3.85
199600,Christine Falls,Mystery,Fiction,340,Benjamin Black,3.5
173233,An Irish Country Doctor,Fiction,Historical,351,Patrick Taylor,4.02
9708869,The Art of Steampunk,Science-Fiction,Art,128,Art Donovan,4.01
59641,The Poor Mouth: A Bad Story about the Hard Life,Fiction,European-Literature,128,Flann O'Brien,3.97
13589913,A Cats Steampunk Alphabet,Science-Fiction,Science-Fiction,36,G.D. Falksen,3.88
8253037,The Buntline Special,Science-Fiction,Fantasy,320,Mike Resnick,3.79
837197,The Court of the Air,Science-Fiction,Fantasy,582,Stephen Hunt,3.58
396751,Collected Stories,Short-Stories,Fiction,720,Frank O'Connor,4.05
165165,The Granny,Fiction,Cultural,192,Brendan O'Carroll,4.17
17699357,Fate War: Alliance,Science-Fiction,Romance,270,E.M. Havens,3.74
75234,Borstal Boy,European-Literature,Cultural,386,Brendan Behan,3.92
13497258,Aladdin and His Wonderfully Infernal Device,Science-Fiction,Fantasy,40,Tee Morris,3.88
570736,Three Plays: Juno and the Paycock / The Shadow of a Gunman / The Plow and the Stars,Plays,Drama,218,Sen O'Casey,3.75
11500552,Lady of Devices,Science-Fiction,Fantasy,259,Shelley Adina,3.96
269795,The Commitments,Fiction,Music,144,Roddy Doyle,3.79
2693142,Clockwork Heart,Science-Fiction,Fantasy,390,Dru Pagliassotti,3.67
12381722,Wicked as They Come,Science-Fiction,Fantasy,395,Delilah S. Dawson,3.78
127020,The Ginger Man,Fiction,Classics,352,J.P. Donleavy,3.71
7236997,The Native Star,Fantasy,Science-Fiction,387,M.K. Hobson,3.62
11669346,Steampunk Gear Gadgets and Gizmos: A Maker's Guide to Creating Modern Artifacts,Science-Fiction,Nonfiction,222,Thomas Willeford,3.87
29776603,Edna in the Desert,Fiction,Young-Adult,184,Maddy Lederman,3.9
13635662,Cheeseland,Young-Adult,Fiction,194,Randy Richardson,3.99
12365,The Risk Pool,Fiction,Contemporary,479,Richard Russo,3.9
859500,Translations,Plays,Drama,91,Brian Friel,3.79
35378932,For Steam And Country,Science-Fiction,Fantasy,279,Jon Del Arroz,4.13
304209,Amongst Women,Fiction,European-Literature,192,John McGahern,4.26
9222475,Infernal Devices,Science-Fiction,Fantasy,384,K.W. Jeter,3.57
44309,Reading in the Dark,Fiction,European-Literature,256,Seamus Deane,3.61
22457223,Nefertiti's Heart,Science-Fiction,Fantasy,280,A.W. Exley,3.93
32071,Sons and Lovers,Classics,Fiction,654,D.H. Lawrence,3.59
82965,The Butcher Boy,Fiction,European-Literature,231,Patrick McCabe,3.66
65350,New and Selected Poems Vol. 2,Poetry,Environment,178,Mary Oliver,4.31
147848,Star of the Sea,Historical,Fiction,432,Joseph O'Connor,3.75
33259384,Love & Vodka: A Book of Poetry for Glass Hearts,Poetry,See-top-shelves,172,Christina Strigas,4.44
15886847,The Gemstone,Science-Fiction,Science-Fiction,296,Sarena Nanua,4.06
16008738,High Crimes and Miscreants,Science-Fiction,Short-Stories,68,D.L. Mackenzie,3.64
12841067,Memorial: An Excavation of the Iliad,Poetry,Fantasy,96,Alice Oswald,4.08
9536651,Wildcat Fireflies,Young-Adult,Paranormal,508,Amber Kizer,3.76
16041018,The Remaining Difficulty,Poetry,Contemporary,36,Cesar Nascimento,3.71
15791148,The Conditions of Love,Fiction,Historical,384,Dale M. Kushner,3.87
17973345,The Wingless,Poetry,See-top-shelves,64,Cecilia Llompart,4.48
2964277,A Mother's String,Poetry,See-top-shelves,88,Andrea McKenzie Raine,4.46
34845079,Hush,Poetry,See-top-shelves,128,Nicole  Lyons,4.7
23130500,Torn from the Sun,Poetry,Literary-Fiction,112,Gregory Donovan,4.06
24917012,Dawn of the Algorithm,Poetry,Science-Fiction,96,Yann Rousselot,4.05
21429402,Love and Ink,Poetry,See-top-shelves,78,Kiana Donae,4.44
10290681,Ode to Fragile,Poetry,See-top-shelves,90,Shabnam Piryaei,4.3
22464233,We Walk Alone,Poetry,Contemporary,55,Mariah E. Wilson,4.63
8407173,Jasper Jones,Young-Adult,Mystery,299,Craig Silvey,4.05
26026530,The Sun Is Snowing: Poetry & Prose by C. Joybell C,Poetry,Short-Stories,112,C. JoyBell C.,4.29
13538874,Poems 1962-2012,Poetry,The-United-States-Of-America,656,Louise Glck,4.11
8515680,The Brubury Tales,Poetry,See-top-shelves,250,Frank Mundo,4.39
8271444,The.Living.Daylights.,Poetry,Anthologies,46,William Pauley III,4.11
175030,The Voice at 3:00 A.M.: Selected Late and New Poems,Poetry,Academic,192,Charles Simic,4.07
206472,What the Living Do: Poems,Poetry,Death,91,Marie Howe,4.21
340607,The Dream Police: Selected Poems 1969-1993,Poetry,Glbt,144,Dennis Cooper,3.75
102113,The Bottoms,Mystery,Fiction,328,Joe R. Lansdale,3.93
81698,The Dream of the Unified Field: Selected Poems 1974-1994,Poetry,The-United-States-Of-America,208,Jorie Graham,3.91
411247,What Is This Thing Called Love: Poems,Poetry,Womens-Fiction,128,Kim Addonizio,3.87
6296263,Pigeon,Poetry,Cultural,112,Karen Solie,3.99
21541401,The Rhapsody of the Ant Woman: Poem with Complementary Drawings,Poetry,Spirituality,136,Teuta S. Rizaj,5.0
405981,Dancing in Odessa,Poetry,Cultural,58,Ilya Kaminsky,3.89
76729,The Collected Poems 1957-1982,Poetry,Environment,268,Wendell Berry,4.27
6107,The Middle Sea: A History of the Mediterranean,History,Nonfiction,588,John Julius Norwich,4.03
13647475,Dark Ramblings of the Phoenix,Poetry,Sociology,73,J.D. Stockholm,4.37
36505403,Boy's Life,Horror,Fiction,580,Robert R. McCammon,4.1
191411,Israel: A History,History,Nonfiction,768,Martin  Gilbert,4.17
99826,Pity the Nation: The Abduction of Lebanon,History,Nonfiction,752,Robert Fisk,4.3
31284812,The Feeling May Remain,Poetry,See-top-shelves,206,Akif Kichloo,4.22
27249102,The One Where I Ruin Your Childhood,Poetry,See-top-shelves,32,Daniel Crocker,4.76
119929,Let It Be Morning,Fiction,Cultural,288,Sayed Kashua,3.83
32485744,Where Pain Thrives,Poetry,See-top-shelves,96,Mie Hansson,4.25
317647,After the Last Sky: Palestinian Lives,History,Politics,192,Edward W. Said,4.11
17831095,Anatomy of a Poet,Poetry,Fiction,152,C.J. Heck,4.43
733453,1967: Israel the War and the Year that Transformed the Middle East,History,Cultural,688,Tom Segev,3.91
31390,Warrior: An Autobiography,Biography,Cultural,592,Ariel Sharon,4.11
504040,Peace Be upon You: The Story of Muslim Christian and Jewish Coexistence,History,Religion,352,Zachary Karabell,3.79
2667891,Ben-Gurion: Prophet of Fire,Biography,History,544,Dan Kurzman,3.96
15826563,Slopjar,Poetry,Paranormal,138,Ingrid Jennings,4.34
40795,Turtle Island,Poetry,Environment,112,Gary Snyder,4.18
13037817,Chroniques de Jrusalem,Sequential-Art,Sequential-Art,334,Guy Delisle,3.94
15125369,Die Erfindung des Landes Israel: Mythos und Wahrheit,History,Nonfiction,400,Shlomo Sand,4.07
29908131,What is Past is Dead,Fiction,See-top-shelves,54,Mohammed Massoud Morsi,4.5
28014409,Jasmine Falling,Fiction,See-top-shelves,158,Shereen Malherbe,4.05
18747058,The Soul Bearer - and other poems,Poetry,Fantasy,46,R.K. Pavia,4.43
65262,In the Land of Israel,Cultural,Nonfiction,304,Amos Oz,3.84
1599887,The Gun and the Olive Branch: The Roots of Violence in the Middle East,History,Nonfiction,400,David  Hirst,4.0
6798263,Bluets,Poetry,Nonfiction,98,Maggie Nelson,4.13
18288210,No Matter the Wreckage,Poetry,Nonfiction,143,Sarah Kay,4.33
12159815,The Politics of Teaching Palestine to Americans: Addressing Pedagogical Strategies,Teaching,Anthropology,292,Marcy Jane Knopf-Newman,3.45
15758643,Not Afraid to be Real: A Poetry Collection,Poetry,See-top-shelves,62,Maranda Russell,4.14
471048,The Revolt: Story of the Irgun,History,Cultural,384,Menachem Begin,4.11
10867844,Leap,Poetry,See-top-shelves,56,Heather Grace Stewart,3.74
9807301,Extreme Rambling: Walking Israel's Separation Barrier. For Fun.,Nonfiction,Travel,352,Mark     Thomas,4.01
17256587,Sea of Ink : A Creative Writing Anthology,Poetry,Fiction,248,Niamh King,4.65
380869,The Beautifully Worthless,Poetry,Fiction,150,Ali Liebegott,3.83
16199464,Haiku in the Night,Poetry,See-top-shelves,75,Ben Ditmars,4.63
92253,Wrestling With Zion: Progressive Jewish-American Responses to the Israeli-Palestinian Conflict,Literature,Religion,320,Tony Kushner,4.24
16156306,The Israeli Solution: A One-State Plan for Peace in the Middle East,Cultural,History,352,Caroline B. Glick,4.28
13422873,Ventricle Atrium,Poetry,Poetry-Plays,98,Gabriel Gadfly,4.59
7954894,Racing Hummingbirds,Poetry,Health,105,Jeanann Verlee,4.35
12696971,The Crisis of Zionism,Nonfiction,Cultural,304,Peter Beinart,3.91
115007,The Beautiful: Collected Poems,Poetry,Glbt,224,Michelle Tea,3.78
13376363,Teaching My Mother How to Give Birth,Poetry,Feminism,37,Warsan Shire,4.34
999412,Married to Another Man: Israel's Dilemma in Palestine,Nonfiction,Politics,315,Ghada Karmi,4.02
22194833,Smokescreen,Thriller,Fiction,332,Khaled Talib,4.31
358936,A History of the Jews,History,Nonfiction,644,Paul  Johnson,3.89
166123,The Iron Cage: The Story of the Palestinian Struggle for Statehood,History,Nonfiction,328,Rashid Khalidi,3.85
6071981,We Can Have Peace in the Holy Land: A Plan That Will Work,Politics,Nonfiction,228,Jimmy Carter,3.81
17348982,Like Dreamers: The Story of the Israeli Paratroopers Who Reunited Jerusalem and Divided a Nation,History,Cultural,608,Yossi Klein Halevi,4.3
5587,Power Faith and Fantasy: America in the Middle East 1776 to the Present,History,Nonfiction,832,Michael B. Oren,4.09
788875,The Iron Wall: Israel and the Arab World,History,Politics,704,Avi Shlaim,4.05
22817757,The Trouble with Playing Cupid,Romance,Contemporary,176,Tamara Philip,4.37
6663818,Nomad: From Islam to America: A Personal Journey Through the Clash of Civilizations,Nonfiction,Biography,277,Ayaan Hirsi Ali,4.15
1845050,Beginner's Greek,Fiction,Romance,441,James Collins,3.22
13623874,Mossad: The Greatest Missions of the Israeli Secret Service,Nonfiction,History,388,Michael Bar-Zohar,4.14
169481,Image and Reality of the Israel-Palestine Conflict,Politics,History,288,Norman G. Finkelstein,4.12
999422,My Life,History,Nonfiction,480,Golda Meir,3.94
210062,Drinking the Sea at Gaza: Days and Nights in a Land Under Siege,Nonfiction,History,400,Amira Hass,4.07
25734194,The Promise of Forgiveness,Romance,Fiction,352,Marin Thomas,4.1
3559,From Beirut to Jerusalem,History,Nonfiction,608,Thomas L. Friedman,3.72
22711164,My Name Is Thank-You,Fiction,Literary-Fiction,312,Kaizen Elizabeth Love,4.3
9477628,Jerusalem: The Biography,History,Nonfiction,752,Simon Sebag Montefiore,4.03
14649174,The General's Son: Journey of an Israeli in Palestine,Nonfiction,Politics,224,Miko Peled,4.09
23327466,August 9th,Romance,Adult,216,Stu Schreiber,4.06
18251076,The Fig Orchard,Historical,Fiction,450,Layla Fiske,4.13
17968621,Hawai?i a novel,Fiction,Novels,568,Mark Panek,4.16
455854,Sharon and My Mother-in-Law: Ramallah Diaries,Nonfiction,Autobiography,224,Suad Amiry,3.79
16277729,Please Don't Remove Margreat's Glasses!,Fiction,See-top-shelves,262,Josh  Baker,4.41
10584110,Boycott Divestment Sanctions: The Global Struggle for Palestinian Rights,Nonfiction,Politics,320,Omar Barghouti,4.04
20434251,Tempted,Adult-Fiction,Adult-Fiction,288,C.J. Paul,3.93
62698,Fateful Triangle: The United States Israel and the Palestinians,Politics,History,578,Noam Chomsky,4.03
7102906,Glorious,Historical,Fiction,240,Bernice L. McFadden,4.16
508388,Dreamsbane of Tamalor,Fantasy,Fiction,88,Bradley James Simpson,4.2
116526,The Case for Israel,Cultural,Politics,288,Alan M. Dershowitz,3.8
16000331,Fast Times in Palestine: A Love Affair with a Homeless Homeland,Nonfiction,Autobiography,320,Pamela J. Olson,4.09
57540,The Ethnic Cleansing of Palestine,History,Nonfiction,320,Ilan Papp,4.22
19466843,The Almond Tree,Historical,Fiction,348,Michelle Cohen Corasanti,4.12
7625632,Oprah,Nonfiction,Biography,525,Kitty Kelley,3.45
2451044,The Bible Salesman,Fiction,Humor,238,Clyde Edgerton,3.7
3520521,The Book of Calamities: Five Questions About Suffering and Its Meaning,Nonfiction,Philosophy,464,Peter Trachtenberg,3.64
13092691,The Age of Desire,Historical,Fiction,368,Jennie Fields,3.5
9830872,Even Sunflowers Cast Shadows,Historical,Fiction,316,Douglas   Armstrong,3.94
